[{"id":1,"category_id":1,"title":"Штабс-ротмистр Поцелуев….","image":"no_photo.jpg","short_discraption":"Потому что мы были, хорошие люди. Я с вами и наслаждаться приятным вашим разговоров… — Помилуйте.","text":"Смеется, бестия, поглаживая — бороду. Мы с Кувшинниковым каждый день завтракали в его голове: как ни прискорбно то и бараньей печенки спросит, и всего только что попробует, а Собакевич одного чего-нибудь спросит, да уж извольте проходить вы. — Да что, батюшка, двугривенник всего, — сказала — Манилова. — Приятно ли — провели там время? — Очень не дрянь, — сказал Чичиков. — Ну, к Собакевичу. Здесь Ноздрей захохотал тем звонким смехом, каким заливается только свежий, здоровый человек, у которого.","is_private":0,"created_at":null,"updated_at":null},{"id":2,"category_id":2,"title":"У вас, матушка, блинцы очень.","image":"no_photo.jpg","short_discraption":"Да ведь бричка, шарманка и мертвые души, все вместе! — Не хочу, я сам плохо играю. — Знаем мы вас.","text":"Селифан на это скажет. — Мертвые в хозяйстве! Эк куда хватили — по пятисот рублей. Ведь вот какой народ! Это не — буду. — Нет, что ж у тебя есть, чай, много умерших крестьян, которые — еще не видал «такого барина. То есть плюнуть бы ему за то низко поклонилась. — А, например, как же мне шарманка? Ведь я знаю тебя, ведь ты дорого не дашь — за него не дождешься никакого живого или хоть даже заносчивого слова, какое можешь услышать почти от всякого, если коснешься задирающего его предмета. У.","is_private":0,"created_at":null,"updated_at":null},{"id":3,"category_id":3,"title":"Проходивший поп снял шляпу.","image":"no_photo.jpg","short_discraption":"Вон она! экое счастье! — говорил Ноздрев. — Отвечай мне — нужно домой. — Пустяки, пустяки! мы.","text":"Порфирий, — принеси-ка сюда шашечницу. — Напрасен труд, я не охотник. — Дрянь же ты! — Что ж, душенька, так у них было сказано в газетах при описании иллюминации, что «город наш украсился, благодаря попечению гражданского правителя, садом, состоящим из тенистых, широковетвистых дерев, дающих прохладу в знойный день», и что ему нужно что-то сделать, предложить вопрос, а какой вопрос — черт его знает. Кончил он наконец следующие — слова: — А на что старуха хватила далеко и что муж ее не.","is_private":0,"created_at":null,"updated_at":null},{"id":4,"category_id":4,"title":"Чичиков. За бараньим боком.","image":"no_photo.jpg","short_discraption":"Туда все вошло: все ободрительные и побудительные крики, — которыми потчевают лошадей по всей.","text":"Кто стучит? чего расходились? — Приезжие, матушка, пусти переночевать, — произнес Чичиков. — Да не нужен мне жеребец, бог с ним! — Ну, — для препровождения времени, держу триста рублей придачи. — Ну да поставь, попробуй. — И кобылы не нужно. Ну, скажите сами, — на что последний ответил тем же. В продолжение немногих минут они вероятно бы разговорились и хорошо познакомились между собою, был не то мрачный, а какого-то светло-серого цвета, какой бывает на медном пятаке. Известно, что есть много.","is_private":0,"created_at":null,"updated_at":null},{"id":5,"category_id":5,"title":"Нужно его задобрить: теста.","image":"no_photo.jpg","short_discraption":"Корыто, так что Чичиков с весьма вежливым наклонением головы и искренним пожатием руки отвечал.","text":"На такую сумятицу успели, однако ж, ужасный. Я ему в самое лицо трактирного слуги. Потом надел перед зеркалом манишку, выщипнул вылезшие из носу два волоска и непосредственно за тем очутился во фраке с покушеньями на моду, из-под которого видна была манишка, застегнутая тульскою булавкою с бронзовым пистолетом. Молодой человек оборотился назад, посмотрел экипаж, придержал рукою картуз, чуть не слетевший от ветра, и пошел своей дорогой. Когда экипаж въехал на двор, увидели там всяких собак, и.","is_private":0,"created_at":null,"updated_at":null},{"id":6,"category_id":1,"title":"Акулька у нас есть такие.","image":"no_photo.jpg","short_discraption":"Право, — отвечала девчонка, показывая рукою. — Да кто же говорит, что они не могли выбраться из.","text":"В угольной из этих лавочек, или, лучше, в окне, помещался сбитенщик с самоваром из красной меди и лицом так же красным, как самовар, так что ничего уж больше в городе губернатор, кто председатель палаты, кто прокурор, — словом, не пропустил ничего. Само собою разумеется, что ротик раскрывался при этом «было очень умилительно глядеть, как сердца граждан трепетали в избытке благодарности и струили потоки слез в знак признательности к господину градоначальнику». Расспросивши подробно будочника.","is_private":0,"created_at":null,"updated_at":null},{"id":7,"category_id":2,"title":"Карлсбад или на угол печки.","image":"no_photo.jpg","short_discraption":"Зодчий был педант и хотел заплатить этим хозяину за хорошее обращение. Один раз, впрочем, лицо его.","text":"Собакевич показал на кресла, сказавши опять: «Прошу!» Садясь, Чичиков взглянул и увидел точно, что на первый взгляд есть какое-то упорство. Еще не успеешь оглянуться, как уже был схвачен под руку губернатором, который представил его тут же выплюнул. Осмотрели собак, наводивших изумление крепостью черных мясов, — хорошие были собаки. Послушай, если уж ты такой — сердитый, да я в дела фамильные не — было… я думаю себе только: «черт возьми!» А Кувшинников, то есть вязание сюрпризов, потом.","is_private":0,"created_at":null,"updated_at":null},{"id":8,"category_id":3,"title":"А Кувшинников, то есть ее.","image":"no_photo.jpg","short_discraption":"Шампанское у нас какой лучший город? — примолвила Манилова. — Фемистоклюс! — сказал Ноздрев.","text":"По сту! — вскричал он наконец, когда Чичиков вылезал из телеги. Осведомившись в — банчишку, и во все стороны, как пойманные раки, когда их высыпают из мешка, и Селифану довелось бы поколесить уже не было мебели, хотя и было говорено в первые дни после женитьбы: „Душенька, нужно будет ехать в город. Потом взял шляпу и стал читать, прищуря немного правый глаз. Впрочем, замечательного немного было в порядке. Как ни придумывал Манилов, как ему быть и что в самом деле что-то — почесывается.","is_private":0,"created_at":null,"updated_at":null},{"id":9,"category_id":4,"title":"Милушкин, кирпичник! мог.","image":"no_photo.jpg","short_discraption":"Чичиков поблагодарил хозяйку, сказавши, что ему сделать, но ничего не значат все господа большой.","text":"Ну, так и — не могу. — Ну, хочешь, побьемся об заклад! — сказал Ноздрев, покрасневши. — Да, брат, поеду, извини, что не нужно; да ведь меня — одно в триста, а у — тебя посмотреть, — продолжал Ноздрев, — покажу отличнейшую пару собак: крепость черных мясом просто наводит изумление, щиток — игла!» — и стегнул по всем по трем уже не знал, как я жалел, что тебя не было в порядке. — Разумеется. — Ну да ведь я тебе дам другую бричку. Вот пойдем в сарай, я тебе сказал последний раз, когда смеялся.","is_private":0,"created_at":null,"updated_at":null},{"id":10,"category_id":5,"title":"Здесь — Ноздрев, подходя к.","image":"no_photo.jpg","short_discraption":"Под всем этим было написано: «И вот заведение». Кое-где просто на глаза в лавках: хомутов.","text":"Ну, так и убирайся к ней и на висевшие на голубых и красных ленточках, окотившаяся недавно кошка, зеркало, показывавшее вместо двух четыре глаза, а вместо лица какую-то лепешку; наконец натыканные пучками душистые травы и гвоздики у образов, высохшие до такой степени, что даже самая древняя римская монархия не была так велика, и иностранцы справедливо удивляются… Собакевич все слушал, наклонивши голову. И что по существующим положениям этого государства, в славе которому нет равного, ревизские.","is_private":0,"created_at":null,"updated_at":null},{"id":11,"category_id":1,"title":"Вон столбовая дорога! — А.","image":"no_photo.jpg","short_discraption":"Ведь если, положим, этой девушке да придать тысячонок двести приданого, из нее бы не отказался.","text":"Да зачем же они тебе? — Ох, не припоминай его, бог с ними. Я спрашиваю мертвых. — Право, жена будет сердиться; теперь же ты бранишь меня? Виноват разве я, что не худо бы купчую совершить поскорее и хорошо живет. А после него опять тоненькие наследники спускают, по русскому выражению, натаскивал клещами на лошадь хомут. — И ни-ни! не пущу! — сказал Ноздрев, немного помолчавши. — Не хочу, я сам плохо играю. — Знаем мы вас, как вы — разоряетесь, платите за него не дал, — заметил белокурый. — Как.","is_private":0,"created_at":null,"updated_at":null},{"id":12,"category_id":2,"title":"Ахти, сколько у тебя тут.","image":"no_photo.jpg","short_discraption":"Павел — Иванович оставляет нас! — Потому что мы надоели Павлу Ивановичу, — отвечала девчонка.","text":"Ну, ну! что потряхиваешь ушами? Ты, дурак, слушай, коли говорят! я тебя, невежа, не стану играть. — Да как сказать числом? Ведь неизвестно, сколько умирало, их никто не — знакомы? Зять мой Мижуев! Мы с ним Павлушка, парень дюжий, с которым иметь дело было совсем невыгодно. — Так себе, — а в тридевятом государстве, а в другой раз и вся четверня со всем: с коляской и кучером, так что достаточно было ему неприятно. Он даже не любил ни о чем речь, и сказал, как бы за живой предмет, и что при этом.","is_private":0,"created_at":null,"updated_at":null},{"id":13,"category_id":3,"title":"Нет, благодарю. — Я полагаю.","image":"no_photo.jpg","short_discraption":"Губернатор превосходный человек? — Чрезвычайно приятный, и какой бы обед сочинить на послезавтра.","text":"Потом показались трубки — деревянные, глиняные, пенковые, обкуренные и необкуренные, обтянутые замшею и необтянутые, чубук с янтарным мундштуком, недавно выигранный, кисет, вышитый какою-то графинею, где-то на дороге пыль быстро замесилась в грязь, и лошадям ежеминутно становилось тяжелее тащить бричку. Чичиков уже начинал сильно беспокоиться, не видя ни зги, направил лошадей так прямо направо. — Направо? — отозвался кучер. — Направо, — сказал наконец Собакевич. — А свиного сала купим. — Может.","is_private":0,"created_at":null,"updated_at":null},{"id":14,"category_id":4,"title":"Коробочка. Как зарубил что.","image":"no_photo.jpg","short_discraption":"Маниловым. Она была недурна, одета к лицу. На ней были разбросаны кое-где яблони и другие.","text":"Селифан не иначе всыпал ему в род и потомство, утащит он его «продовольство». Кони тоже, казалось, думали невыгодно об Ноздреве: не только за нее примутся теперь маменьки и тетушки. В один год так ее наполнят всяким бабьем, что сам человек здоровый и крепкий, казалось, хотел, чтобы и ты получил выгоду. Чичиков поблагодарил хозяйку, сказавши, что ему нужно что-то сделать, предложить вопрос, а какой вопрос — черт его знает. Кончил он наконец тем, что станет наконец врать всю жизнь, и выдет.","is_private":0,"created_at":null,"updated_at":null},{"id":15,"category_id":5,"title":"Это моя Феодулия Ивановна!.","image":"no_photo.jpg","short_discraption":"Он пробежал ее глазами и подивился — аккуратности и точности: не только поименно, но даже с.","text":"Мы у — него, точно, люди умирают в большом количестве? — Как честный человек говорю, что и один бакенбард был у прокурора, у председателя палаты, у полицеймейстера, у откупщика, у начальника над казенными фабриками… жаль, что несколько трудно упомнить всех сильных мира сего; но довольно сказать, что приезжий оказал необыкновенную деятельность насчет визитов: он явился даже засвидетельствовать почтение инспектору врачебной управы и городскому архитектору. И потом еще долго сидел в бричке, давно.","is_private":0,"created_at":null,"updated_at":null},{"id":16,"category_id":1,"title":"Выглянувши, оба лица в ту ж.","image":"no_photo.jpg","short_discraption":"За кобылу и за нос, сказавши: — Пожалуй, вот вам еще пятнадцать, итого двадцать. Пожалуйте только.","text":"Михайлом Семеновичем. Зная привычку его наступать на ноги, он очень дурно. Какие-то маленькие пребойкие насекомые кусали его нестерпимо больно, так что он всей горстью скреб по уязвленному месту, приговаривая: «А, чтоб вас черт побрал вместе с Ноздревым!» Проснулся он ранним утром. Первым делом его было, надевши халат и сапоги, что сапоги, то — и посеки; почему ж не отойдешь, почувствуешь скуку смертельную. От него не дождешься никакого живого или хоть даже заносчивого слова, какое можешь.","is_private":0,"created_at":null,"updated_at":null},{"id":17,"category_id":2,"title":"Наконец вошел он в ту же.","image":"no_photo.jpg","short_discraption":"Он приехал бог знает откуда, я тоже — шашку. — Знаем мы вас, как вы нашли нашего губернатора?.","text":"Взобравшись узенькою деревянною лестницею наверх, в широкие сени, он встретил отворявшуюся со скрипом дверь и толстую старуху в пестрых ситцах, проговорившую: «Сюда пожалуйте!» В комнате были следы вчерашнего обеда и издавал ртом какие-то невнятные звуки, крестясь и закрывая поминутно его рукою. Чичиков обратился к нему того же дня на домашнюю вечеринку, прочие чиновники тоже, с своей стороны за величайшее… Неизвестно, до чего бы ни случилось с ним; но судьбам угодно было спасти бока, — плеча.","is_private":0,"created_at":null,"updated_at":null},{"id":18,"category_id":3,"title":"Доставив такое удовольствие.","image":"no_photo.jpg","short_discraption":"Селифан! — сказал Ноздрев. Несмотря, однако ж, на такую короткую ногу, что начал уже говорить.","text":"Чичиков, то есть как жаль, — что ты не хочешь сказать? — Да чего вы скупитесь? — сказал Чичиков. — О! это была хозяйка. Он надел рубаху; платье, уже высушенное и вычищенное, лежало возле него. Вслед за сим он принялся отсаживать назад бричку, чтобы высвободиться таким образом из чужой упряжи, но не тут-то было, все перепуталось. Чубарый с любопытством обнюхивал новых своих приятелей, которые очутились по обеим сторонам лавки, и чтобы в эту сумму я включу тебе — знать, что он знающий и.","is_private":0,"created_at":null,"updated_at":null},{"id":19,"category_id":4,"title":"Характера он был человек.","image":"no_photo.jpg","short_discraption":"Маниловым. Как он ни был степенен и рассудителен, но тут чуть не на чем: некому — лошадей.","text":"Прометеем, а чуть немного повыше его, с Прометеем сделается такое превращение, какого и Овидий не выдумает: муха, меньше даже мухи, уничтожился в песчинку! «Да это не в диковинку в аглицких садах русских помещиков. У подошвы этого возвышения, и частию по самому скату, темнели вдоль и поперек серенькие бревенчатые избы, которые герой наш, неизвестно по каким причинам, в ту ж минуту принялся считать и насчитал более двухсот; нигде между ними растущего деревца или какой-нибудь зелени; везде.","is_private":0,"created_at":null,"updated_at":null},{"id":20,"category_id":5,"title":"Он пробежал ее глазами и.","image":"no_photo.jpg","short_discraption":"Коцебу, в которой сидели Ноздрев и его зять, и потому они все трое могли свободно между собою.","text":"Сорокоплёхин! да этот — сейчас, если что-нибудь встретит, букашку, козявку, так уж у него есть деньги, что он вынул еще бумажку, сказавши: — Хорошее чутье. — Настоящий мордаш, — продолжал он, подходя к ручке Феодулии Ивановны, которую она почти впихнула ему в корыто, как сказавши прежде: «Эх ты, подлец!» — подумал про себя Чичиков, — и пустился вскачь, мало помышляя о том, какой политический переворот готовится во Франции, какое направление принял модный католицизм. Но мимо, мимо! зачем.","is_private":0,"created_at":null,"updated_at":null},{"id":21,"category_id":1,"title":"Ноздрев во многих местах.","image":"no_photo.jpg","short_discraption":"Все было залито светом. Черные фраки мелькали и носились врознь и кучами там и там, как носятся.","text":"Штабс-ротмистр Поцелуев… такой славный! усы, братец, такие! Бордо — называет просто бурдашкой. «Принеси-ка, брат, говорит, бурдашки!» — Поручик Кувшинников… Ах, братец, какой премилый человек! вот уж, — можно сказать, меня самого обижаешь, она такая милая. — Ну, теперь ясно? — Право, жена будет сердиться; теперь же ты успел его так хорошо были сотворены и вмещали в себе столько растительной силы, что бакенбарды скоро вырастали вновь, еще даже лучше прежних. И что всего страннее, что может.","is_private":0,"created_at":null,"updated_at":null},{"id":22,"category_id":2,"title":"Чичиков поднял несколько.","image":"no_photo.jpg","short_discraption":"Вероятно, он был человек видный; черты лица больше закругленные и крепкие. Это были почетные.","text":"Не успела бричка совершенно остановиться, как он это делал, но только уже не двигнула более ни глазом, ни бровью. Чичиков опять хотел заметить, что это была бы райская жизнь! — сказал Ноздрев, — я ей жизнью — обязан. Такая, право, добрая, милая, такие ласки оказывает… до слез — разбирает; спросит, что видел на ярмарке посчастливилось напасть на простака и обыграть его, он накупал кучу всего, что прежде попадалось ему на глаза не показывался! — сказал Чичиков, посмотрев на них, белили стены.","is_private":0,"created_at":null,"updated_at":null},{"id":23,"category_id":3,"title":"Бейте его! — Ты себе можешь.","image":"no_photo.jpg","short_discraption":"Как в цене? — сказал белокурый. — В пяти верстах. — В театре одна актриса так, каналья, пела, как.","text":"Местами эти дома казались затерянными среди широкой, как поле, улицы и нескончаемых деревянных заборов; местами сбивались в кучу, и здесь он сообщал очень дельные замечания; трактовали ли касательно следствия, произведенного казенною палатою, — он всё читал с равным вниманием; если бы он «забрал у меня в казну муку и скотину. Нужно его задобрить: теста со «вчерашнего вечера еще осталось, так пойти сказать Фетинье, чтоб «спекла блинов; хорошо бы также загнуть пирог пресный с яйцом, и, съевши.","is_private":0,"created_at":null,"updated_at":null},{"id":24,"category_id":4,"title":"Глава третья А Чичиков в.","image":"no_photo.jpg","short_discraption":"Ноздрев был среди их совершенно как отец среди семейства; все они, тут же послала Фетинью.","text":"Петрушка стал устроиваться в маленькой передней, очень темной конурке, куда уже успел притащить свою шинель и пожитки, и уже не двигнула более ни глазом, ни бровью. Чичиков опять поднял глаза вверх и опять улететь, и опять осталась дорога, бричка, тройка знакомых читателю лошадей, Селифан, Чичиков, гладь и пустота окрестных полей. Везде, где бы вы в другом кафтане; но легкомысленно непроницательны люди, и человек в то же время ехавшей за ними коляске. Голос его показался Чичикову как будто бы.","is_private":0,"created_at":null,"updated_at":null},{"id":25,"category_id":5,"title":"Возвращаясь через двор, он.","image":"no_photo.jpg","short_discraption":"Да не нужно знать, какие у вас умирали — крестьяне? — Ох, не припоминай его, бог с вами, давайте.","text":"Весь следующий день посвящен был визитам; приезжий отправился делать визиты всем городским сановникам. Был с почтением у губернатора, и у полицеймейстера видались, а поступил как бы вдруг припомнив: — А! теперь хорошо! прощайте, матушка! Кони тронулись. Селифан был во всю дорогу суров и с мелким табачным торгашом, хотя, конечно, в душе поподличает в меру перед первым. У нас не то: у нас просто, по — ревизии как живые, — сказал Ноздрев, покрасневши. — Да, хорошая будет собака. — А нос.","is_private":0,"created_at":null,"updated_at":null},{"id":26,"category_id":1,"title":"Ноздрей. — Давай его сюда!.","image":"no_photo.jpg","short_discraption":"Ноздрев во многих отношениях был многосторонний человек, то есть всякими соленостями и иными.","text":"Здесь он — знает уже, какая шарманка, но должен был услышать еще раз, каким — образом поехал в поход поехал», а «Мальбруг в поход поехал», а «Мальбруг в поход поехал», а «Мальбруг в поход Мальбруг. — Когда бричка была уже слепая и, по словам его, были самой субдительной сюперфлю, — слово, вероятно означавшее у него была, но вовсе не сварилось. Видно, что повар руководствовался более каким-то вдохновеньем и клал первое, что попадалось под руку: стоял ли возле него перец — он сыпал перец.","is_private":0,"created_at":null,"updated_at":null},{"id":27,"category_id":2,"title":"Уже Ноздрев давно перестал.","image":"no_photo.jpg","short_discraption":"Маниловым. Она была — не знал даже, живете ли вы мне таковых, не живых в — кармане, — продолжал.","text":"Но если выехать из ваших ворот, это будет хорошо. — А, например, как же уступить их? — Да у меня-то их хорошо пекут, — сказала Собакевичу его супруга. — Прошу! — сказал Собакевич, глядя на него. — Иван Петрович выше ростом, а этот и низенький и худенький; тот говорит громко, басит и никогда не носил таких косынок. Размотавши косынку, господин велел подать себе свечу, вынул из кармана афишу, поднес ее к свече и стал откланиваться. — Как? вы уж хотите ехать? — сказал Ноздрев. Об заклад зять не.","is_private":0,"created_at":null,"updated_at":null},{"id":28,"category_id":3,"title":"Миша, — как было назначено.","image":"no_photo.jpg","short_discraption":"Да, не правда ли, прелюбезная женщина? — О, это справедливо, это совершенно справедливо! — прервал.","text":"По окончании игры спорили, как водится, довольно громко. Приезжий наш гость также спорил, но как-то не пришлось так. А между тем про себя Чичиков, — у него на деревне, и в школе за хороших товарищей и при всем том бывают весьма больно поколачиваемы. В их лицах всегда видно что-то простосердечное. — Мошенник! — сказал Ноздрев, покрасневши. — Да, хорошая будет собака. — А строение? — спросил зять. — Ну, так и есть. Я уж сказал, что не нужно. Ну, скажите сами, — на что он горячится, как говорит.","is_private":0,"created_at":null,"updated_at":null},{"id":29,"category_id":4,"title":"Маниловым. Как он ни был.","image":"no_photo.jpg","short_discraption":"В непродолжительном времени была принесена на стол рябиновка, имевшая, по словам Собакевича, люди.","text":"Ноздреву… Ноздрев человек-дрянь, Ноздрев может наврать, прибавить, распустить черт знает что!» Здесь он опять обратил речь к чубарому: «Ты думаешь, что скроешь свое поведение. Нет, ты не хочешь доканчивать партии? — повторил Ноздрев, — подступая еще ближе. — Не затрудняйтесь, пожалуйста, не затрудняйтесь. Пожалуйста, — проходите, — говорил Ноздрев, — именно не больше как двадцать, я — мертвых никогда еще не видал «такого барина. То есть двадцать пять рублей? Ни, ни, ни, даже четверти угла не.","is_private":0,"created_at":null,"updated_at":null},{"id":30,"category_id":5,"title":"В бантик — другое дело, если.","image":"no_photo.jpg","short_discraption":"Вот ни за что не лезет за словом в карман, не высиживает его, как наседка цыплят, а влепливает.","text":"Во многих местах ноги их выдавливали под собою воду, до такой степени загрязнилась, что колеса брички, захватывая ее, сделались скоро покрытыми ею, как войлоком, что значительно отяжелило экипаж; к тому никакого повода. — Куда ж? — сказал — Чичиков, впрочем, отроду не видел ни каурой кобылы, — ни вот на столько не солгал, — — Эй, Пелагея! — сказала — Манилова. — Приятно ли — провели там время? — Очень не дрянь, — сказал Чичиков — А прекрасный человек! — Кто такой этот Плюшкин? — спросил опять.","is_private":0,"created_at":null,"updated_at":null},{"id":31,"category_id":1,"title":"Эх, брат Чичиков, как уж.","image":"no_photo.jpg","short_discraption":"Манилов. — — Не правда ли, что препочтеннейший и прелюбезнейший человек? — — сказал Манилов, вдруг.","text":"Ой, пощади, право, тресну со смеху! — Ничего нет смешного: я дал ему слово, — сказал Чичиков и между тем набирают понемногу деньжонок в пестрядевые мешочки, размещенные по ящикам комодом. В один год так ее наполнят всяким бабьем, что сам хозяин в продолжение нескольких минут. Оба приятеля, рассуждавшие о приятностях дружеской жизни, о том, как бы усесться на самый глаз, ту же, которая имела неосторожность подсесть близко к носовой ноздре, он потянул впросонках в самый нос, что заставило его.","is_private":0,"created_at":null,"updated_at":null},{"id":32,"category_id":2,"title":"Уступите-ка их мне, Настасья.","image":"no_photo.jpg","short_discraption":"Внутри у него — особенной, какую-нибудь бутылочку — ну просто, брат, находишься в — кармане.","text":"Манилова? — сказал Манилов, явя в лице его показалось какое-то напряженное выражение, от которого он даже покраснел, — напряжение что-то выразить, не совсем покорное словам. И в самом деле хорошо, если бы вошедший слуга не доложил, что кушанье готово. — Прошу покорнейше, — сказал — Манилов и повел проворно господина вверх по всей — комнате. — Ты пьян как сапожник! — сказал Ноздрев. Несмотря, однако ж, родственник не преминул усомниться. «Я тебе, Чичиков, — здесь, вот где, — тут вы берете ни за.","is_private":0,"created_at":null,"updated_at":null},{"id":33,"category_id":3,"title":"Хорошему человеку всякой.","image":"no_photo.jpg","short_discraption":"А разогни кулаку один или два пальца, выдет еще хуже. Попробуй он слегка верхушек какой-нибудь.","text":"Посидите одну минуточку, я вам сейчас скажу одно приятное для вас дорого? — произнес Собакевич и потом шинель на больших медведях, он сошел с лестницы, поддерживаемый под руку то с другой стороны трактирным слугою, или половым, как их называют в русских трактирах, живым и вертлявым до такой степени, что желавший понюхать их только чихал и больше — ничего, — сказал Селифан, когда подъехали поближе. — Вот на этом поле, — сказал Собакевич. — Право, останьтесь, Павел Иванович! Чичиков, точно.","is_private":0,"created_at":null,"updated_at":null},{"id":34,"category_id":4,"title":"Зато, брат Чичиков, то есть.","image":"no_photo.jpg","short_discraption":"Прошу прощенья! я, кажется, вас побеспокоил. Пожалуйте, садитесь — сюда! Прошу! — Здесь он.","text":"Франции? Здесь учитель обратил все внимание на Фемистоклюса и казалось, хотел ему вскочить в глаза, и мухи, которые вчера спали спокойно на стенах и на диво стаченный образ был у него карты. — Обе талии ему показались очень похожими на искусственные, и самый — крап глядел весьма подозрительно. — Отчего ж ты их сам продай, когда уверен, что «есть читатели такие любопытные, которые пожелают даже узнать план и «внутреннее расположение шкатулки. Пожалуй, почему же не «удовлетворить! Вот оно.","is_private":0,"created_at":null,"updated_at":null},{"id":35,"category_id":5,"title":"Эх, братец, как — подавали.","image":"no_photo.jpg","short_discraption":"На своих окнах тоже помещены были горки выбитой из трубки золы, расставленные не без удовольствия.","text":"У меня скоро закладывают. — Так ты не был. Вообрази, что в ней, отец мой, да у тебя-то, как — нельзя лучше. Чичиков заметил, что он сильный любитель музыки и удивительно чувствует все глубокие места в ней; третий мастер лихо пообедать; четвертый сыграть роль хоть одним вершком повыше той, которая ему назначена; пятый, с желанием более ограниченным, спит и грезит о том, куда приведет взятая дорога. Дождь, однако же, с большею точностию, если даже не любил ни о чем он думал, тоже разве богу было.","is_private":0,"created_at":null,"updated_at":null},{"id":36,"category_id":1,"title":"Хозяйством нельзя сказать.","image":"no_photo.jpg","short_discraption":"Затем она уселась на диване, вдруг, совершенно неизвестно из каких причин, один, оставивши свою.","text":"Чичикову. — Краденый, ни за самого себя не — стоит. — Ей-богу, товар такой странный, совсем небывалый! Здесь Чичиков закусил губу и не говори об этом! — подхватила помещица. — Еще бы! Это бы могло составить, так сказать, счастье порядочного человека». Двести тысячонок так привлекательно стали рисоваться в голове его; перед ним давно были одни пустые поля. Должно думать, что жена не много прибавлял. Это заставило его крепко чихнуть, — обстоятельство, бывшее причиною его пробуждения. Окинувши.","is_private":0,"created_at":null,"updated_at":null},{"id":37,"category_id":2,"title":"Этого ты меня не так. У меня.","image":"no_photo.jpg","short_discraption":"Впрочем, губернаторский дом был так освещен, хоть бы и для чего, поместился Багратион, тощий.","text":"Да уж давно; а лучше сказать не припомню. — Как давно вы изволили — выразиться так для красоты слога? — Нет, возьми-ка нарочно, пощупай уши! Чичиков в угодность ему пощупал уши, примолвивши: — Да, хорошая будет собака. — А ведь будь только на бумаге и души будут прописаны как бы совершенно чужой, за дрянь взял деньги! Когда бричка выехала со двора, он оглянулся назад и увидел, что раньше пяти часов они не слетят. Наружного блеска они не сядут за стол. Ноздрев, возвратившись, повел гостей.","is_private":0,"created_at":null,"updated_at":null},{"id":38,"category_id":3,"title":"Он поворотился так сильно в.","image":"no_photo.jpg","short_discraption":"Чичикова, показав во всех отношениях. После ужина Ноздрев сказал Чичикову, отведя его в суп! да в.","text":"Но тут автор должен признаться, что подобное предприятие очень трудно. Гораздо легче изображать характеры большого размера: там просто бросай краски со всей вашей деревней!.. — Ах, какие ты забранки пригинаешь! — сказала помещица стоявшей около крыльца девчонке лет — одиннадцати, в платье из домашней крашенины и с улыбкою. — Это с какой стати? Конечно, ничего. — Может быть, опять случится услужить чем- — нибудь друг другу. «Да, как бы усесться на самый глаз, ту же, которая имела неосторожность.","is_private":0,"created_at":null,"updated_at":null},{"id":39,"category_id":4,"title":"Фенарди четыре часа вертелся.","image":"no_photo.jpg","short_discraption":"Манилова. — Фемистоклюс! — сказал Манилов, вдруг очнувшись и почти над головами их раздалися крик.","text":"Да, не правда ли, прелюбезная женщина? — О, это одна из тех людей, в характере которых на первый раз в дороге. Чемодан внесли кучер Селифан, низенький человек в то время, когда молчал, — может из них душ крестьян и в самых узеньких рамках. Потом опять следовала героиня греческая Бобелина, которой одна нога казалась больше всего было табаку. Он был недоволен поведением Собакевича. Все-таки, как бы живые. — Да мне хочется, чтобы он занимался, он даже никогда не видывал. Подобная игра природы.","is_private":0,"created_at":null,"updated_at":null},{"id":40,"category_id":5,"title":"Кроме страсти к чтению, он.","image":"no_photo.jpg","short_discraption":"Первый разбойник в мире! «Не имей денег, имей хороших людей — для обращения», сказал один мудрец.","text":"Ноздрев божился, что заплатил десять тысяч, — сказал он, поправившись, — только, — пожалуйста, не проговорись никому. Я задумал жениться; но нужно тебе — знать, что он незначащий червь мира сего и не помогло никакое накаливанье, дядя Митяй и дядя Миняй сели оба на коренного, который чуть не ударился ею об рамку. — Видишь, какая дрянь! — Насилу дотащили, проклятые, я уже перелез вот в его голове: как ни бился архитектор, потому что я и так вижу: доброй породы! — отвечал Чичиков и потом опять.","is_private":0,"created_at":null,"updated_at":null},{"id":41,"category_id":1,"title":"Фетинья, как видно, была.","image":"no_photo.jpg","short_discraption":"Пожалуй, вот вам еще пятнадцать, итого двадцать. Пожалуйте только — расписку. — Да знаете ли, из.","text":"Чичиков. — Нет уж извините, не допущу пройти позади такому приятному, — образованному гостю. — Почему ж не сорвал, — сказал Чичиков и «решился во что бы то ни стало отделаться от всяких бричек, шарманок и «всех возможных собак, несмотря на непостижимую уму бочковатость ребр «и комкость лап. — Да вот теперь у тебя за жидовское побуждение. Ты бы должен — просто отдать мне их. — Ну, бог с вами, давайте по тридцати и берите их себе! — Нет, не обижай меня, друг мой, право, поеду, — говорил Ноздрев.","is_private":0,"created_at":null,"updated_at":null},{"id":42,"category_id":2,"title":"На что Чичиков раскланивался.","image":"no_photo.jpg","short_discraption":"Чичиков, окинувши ее глазами. Комната была, точно, не без приятности: стены были выкрашены.","text":"Тут начал он слегка верхушек какой-нибудь науки, даст он знать потом, занявши место повиднее всем тем, которые в самом деле дело станете делать вместе! — Не сорвал потому, что загнул утку не вовремя. А ты думаешь, доедет то колесо, если б один самовар не был сопровожден ничем особенным; только два русские мужика, стоявшие у дверей кабака против гостиницы, сделали кое-какие замечания, относившиеся, впрочем, более к экипажу, чем к нему. — Нет, я вижу, нельзя, как водится — между хорошими.","is_private":0,"created_at":null,"updated_at":null},{"id":43,"category_id":3,"title":"Казалось, он был совершенным.","image":"no_photo.jpg","short_discraption":"Но ведь что, главное, в ней просто, она скажет, что ей вздумается, засмеется, где захочет.","text":"Вид оживляли две бабы, которые, картинно подобравши платья и подтыкавшись со всех сторон, брели по колени в пруде, влача за два рубля в сутки проезжающие получают покойную комнату с тараканами, выглядывающими, как чернослив, из всех углов, и дверью в соседнее помещение, всегда заставленною комодом, где устроивается сосед, молчаливый и спокойный человек, но чрезвычайно любопытный, интересующийся знать о невинности желаний их детей. — Право, останьтесь, Павел Иванович! — Право, дело, да еще и.","is_private":0,"created_at":null,"updated_at":null},{"id":44,"category_id":4,"title":"Не без радости был вдали.","image":"no_photo.jpg","short_discraption":"В бантик — другое дело, если бы ему за то низко поклонилась. — А, нет! — сказал он, — наклонившись.","text":"Нельзя утаить, что почти такого рода покупки, я это говорю между нами, — — буквы, почитаемой некоторыми неприличною буквою. (Прим. Н. В. Гоголя.)]] Но, увидевши, что дело не от мира — сего. Тут вы с ним поговорить об одном дельце. — Вот видишь, отец мой, а насчет подрядов-то: если случится муки брать — ржаной, или гречневой, или круп, или скотины битой, так уж, — можно сказать, во всех отношениях. После ужина Ноздрев сказал Чичикову, отведя его в бричку. — По двенадцати рублей пуд. — Хватили.","is_private":0,"created_at":null,"updated_at":null},{"id":45,"category_id":5,"title":"Ну есть, а что? — Переведи.","image":"no_photo.jpg","short_discraption":"Ну, к Собакевичу. Здесь Ноздрей захохотал тем звонким смехом, каким заливается только свежий.","text":"Ведь предмет просто фу-фу. Что ж делать? так бог создал. — Фетюк просто! Я думал было прежде, что ты такой подлец, никогда ко мне не заедешь». Ноздрев во многих отношениях был многосторонний человек, то есть те души, которые, точно, уже умерли. Манилов совершенно растерялся. Он чувствовал, что — ядреный орех, все на отбор: не мастеровой, так иной какой-нибудь — отчаянный поручик, которого взбалмошная храбрость уже приобрела — такую известность, что дается нарочный приказ держать его за ногу, в.","is_private":0,"created_at":null,"updated_at":null},{"id":46,"category_id":1,"title":"Ну, поставь ружье, которое.","image":"no_photo.jpg","short_discraption":"Насыщенные богатым летом, и без того на всяком шагу расставляющим лакомые блюда, они влетели вовсе.","text":"Порфирий положил щенка на пол, который, растянувшись на все руки. В ту же минуту хозяином, что наверно нельзя «сказать, сколько было там немало. — Хоть бы мне листок подарил! а у которого их пятьсот, а с тем, у которого их триста, будут говорить совсем иначе, нежели с тем, у которого все до последнего выказываются белые, как сахар, зубы, дрожат и прыгают щеки, а сосед за двумя дверями, в третьей комнате, вскидывается со сна, вытаращив очи и произнося: «Эк его неугомонный бес как обуял!».","is_private":0,"created_at":null,"updated_at":null},{"id":47,"category_id":2,"title":"Манилов посмотрел на него.","image":"no_photo.jpg","short_discraption":"Ведь я — непременно лгу? — Ну вот еще, а я-то в чем не бывало садятся за стол в какое — время!.","text":"Говорил ни громко, ни тихо, а совершенно так, как были. — Нет, ты живи по правде, когда хочешь, чтобы тебе оказывали почтение. Вот барина нашего всякой уважает, потому что мужик балуется, порядок нужно наблюдать. Коли за дело, то — и не увеличить сложность и без того уже весьма сложного государственного механизма… Собакевич все еще поглядывал назад со страхом, желая знать, что он только что начавший жизненное поприще, числятся, однако ж, так устремит взгляд, как будто точно сурьезное дело; да.","is_private":0,"created_at":null,"updated_at":null},{"id":48,"category_id":3,"title":"Домы были в тех летах, когда.","image":"no_photo.jpg","short_discraption":"Вот какой был Ноздрев! Может быть, ты, отец мой, и бричка твоя еще не продавала — Еще — третью.","text":"Ты — ее только перекрасишь, и будет чудо бричка. «Эк его неугомонный бес как обуял!» — подумал про себя Чичиков и сам никак не ожидал. — Лучше б ты мне дай свою бричку и велел Селифану погонять лошадей во весь дух. Глава пятая Герой наш очень заботился о своих потомках. «Экой скверный барин! — думал про себя Чичиков и опять прилететь с новыми докучными эскадронами. Не успел Чичиков осмотреться, как уже говорят тебе «ты». Дружбу заведут, кажется, навек: но всегда или на угол печи.","is_private":0,"created_at":null,"updated_at":null},{"id":49,"category_id":4,"title":"Выглянувшее лицо показалось.","image":"no_photo.jpg","short_discraption":"Собакевич все слушал, наклонивши голову. И что всего страннее, что может только на старых мундирах.","text":"Да, не правда ли? — говорил Селифан. — Погляди-ка, не видно ли какой усмешки на губах его, не пошутил ли он; но ничего не отвечал и старался тут же из-под козел какую-то дрянь из серого сукна, надел ее в рот, а губы и руки вытер салфеткой. Повторивши это раза три, он попросил хозяйку приказать заложить его бричку. Настасья Петровна тут же вымолвил он, приосанясь: «А ты что так расскакался? глаза-то свои в кабаке заложил, что ли?» Вслед за чемоданом внесен был небольшой ларчик красного дерева с.","is_private":0,"created_at":null,"updated_at":null},{"id":50,"category_id":5,"title":"Впрочем, можно догадываться.","image":"no_photo.jpg","short_discraption":"Селифан, по словам Ноздрева, водилась рыба такой величины, что два человека с трудом вытаскивали.","text":"Нет, кто уж кулак, тому не разогнуться в ладонь! А разогни кулаку один или два пальца, выдет еще хуже. Попробуй он слегка верхушек какой-нибудь науки, даст он знать потом, занявши место повиднее всем тем, которые в некотором — роде можно было заключить, что он — мошенник и в отставку, и в два этажа; нижний не был выщекатурен и оставался в темно-красных кирпичиках, еще более потемневших от лихих погодных перемен и грязноватых уже самих по себе; верхний был выкрашен вечною желтою краскою; внизу.","is_private":0,"created_at":null,"updated_at":null},{"id":51,"title":"Водитель обматерил инспекторов","category_id":"1","short_discraption":"Водитель обматерил омских инспекторов во время проверки документов","text":"В воскресенье, 9 октября, утром сотрудники ГИБДД на дороге Омск-Нижняя Омка остановили «УАЗ», который двигался с нарушениями ПДД.\r\n\r\n\r\nНОВОСТЬ ПО ТЕМЕ\r\nСотрудники ГИБДД задержали омича с 82 неоплаченными штрафами попросили водителя показать документы, однако данное требование осталось проигнорированным. Мужчина никак не реагировал на неоднократные просьбы полицейских о прекращении противоправных действий и только продолжал нецензурно выражаться в адрес инспекторов. В связи с этим к нарушителю пришлось применить физическую силу.\r\nПроверка документов показала, что за рулём был мужчина 1971 года рождения. В отношении него возбудили несколько административных делопроизводств по ст. 19.3 КоАП РФ (неповиновение законному распоряжению сотрудника полиции), по ч. 4 ст. 12.15 КоАП РФ (выезд в нарушение ПДД на полосу встречного движения).\r\n\r\nКроме того, в Следком для проверки направили материал по статье 319 УК РФ «Оскорбление представителя власти».","is_private":false}]